{"info": {}, "licenses": [], "images": [{"file_name": "_0161.png", "height": 640, "width": 640, "id": 0, "image_id": 0}, {"file_name": "_0162.png", "height": 640, "width": 640, "id": 1, "image_id": 1}, {"file_name": "_0164.png", "height": 640, "width": 640, "id": 2, "image_id": 2}, {"file_name": "_0165.png", "height": 640, "width": 640, "id": 3, "image_id": 3}, {"file_name": "_0167.png", "height": 640, "width": 640, "id": 4, "image_id": 4}, {"file_name": "_0175.png", "height": 640, "width": 640, "id": 5, "image_id": 5}, {"file_name": "_0176.png", "height": 640, "width": 640, "id": 6, "image_id": 6}, {"file_name": "_0177.png", "height": 640, "width": 640, "id": 7, "image_id": 7}, {"file_name": "_0180.png", "height": 640, "width": 640, "id": 8, "image_id": 8}, {"file_name": "_0192.png", "height": 640, "width": 640, "id": 9, "image_id": 9}, {"file_name": "_0193.png", "height": 640, "width": 640, "id": 10, "image_id": 10}, {"file_name": "_0194.png", "height": 640, "width": 640, "id": 11, "image_id": 11}, {"file_name": "_0196.png", "height": 640, "width": 640, "id": 12, "image_id": 12}, {"file_name": "_0197.png", "height": 640, "width": 640, "id": 13, "image_id": 13}, {"file_name": "_0202.png", "height": 640, "width": 640, "id": 14, "image_id": 14}, {"file_name": "_0517.png", "height": 640, "width": 640, "id": 15, "image_id": 15}, {"file_name": "_0544.png", "height": 640, "width": 640, "id": 16, "image_id": 16}, {"file_name": "_0563.png", "height": 640, "width": 640, "id": 17, "image_id": 17}, {"file_name": "_0580.png", "height": 640, "width": 640, "id": 18, "image_id": 18}, {"file_name": "_0600.png", "height": 640, "width": 640, "id": 19, "image_id": 19}, {"file_name": "_0609.png", "height": 640, "width": 640, "id": 20, "image_id": 20}, {"file_name": "_0661.png", "height": 640, "width": 640, "id": 21, "image_id": 21}, {"file_name": "_0673.png", "height": 640, "width": 640, "id": 22, "image_id": 22}, {"file_name": "_0709.png", "height": 640, "width": 640, "id": 23, "image_id": 23}, {"file_name": "_0762.png", "height": 640, "width": 640, "id": 24, "image_id": 24}, {"file_name": "_0799.png", "height": 640, "width": 640, "id": 25, "image_id": 25}, {"file_name": "_0837.png", "height": 640, "width": 640, "id": 26, "image_id": 26}, {"file_name": "_0846.png", "height": 640, "width": 640, "id": 27, "image_id": 27}, {"file_name": "_0870.png", "height": 640, "width": 640, "id": 28, "image_id": 28}], "categories": [{"supercategory": "obj", "id": 1, "name": "obj"}], "annotations": [{"segmentation": [[450.0, 463.5, 409.5, 424.0, 436.5, 335.0, 429.5, 312.0, 428.0, 310.5, 389.0, 311.5, 364.0, 290.5, 269.0, 277.5, 266.0, 275.5, 218.5, 239.0, 198.5, 196.0, 202.5, 152.0, 227.5, 115.0, 256.0, 95.5, 304.0, 89.5, 339.0, 102.5, 371.0, 128.5, 374.5, 133.0, 386.5, 174.0, 391.5, 220.0, 402.5, 247.0, 413.0, 258.5, 441.0, 258.5, 459.0, 255.5, 474.5, 227.0, 488.5, 171.0, 503.5, 126.0, 525.5, 105.0, 540.5, 84.0, 541.5, 40.0, 585.0, 40.5, 586.5, 82.0, 576.5, 111.0, 587.5, 135.0, 587.5, 141.0, 585.5, 158.0, 579.5, 177.0, 492.5, 445.0, 491.0, 447.5, 450.0, 463.5]], "area": 68291.25, "iscrowd": 0, "image_id": 0, "bbox": [198.5, 40.0, 389.0, 423.5], "category_id": 1, "id": 0}, {"segmentation": [[0.0, 620.5, -0.5, 519.0, 20.5, 464.0, 11.5, 435.0, 11.5, 431.0, 58.5, 137.0, 59.5, 133.0, 62.0, 130.5, 91.0, 106.5, 119.0, 111.5, 137.5, 134.0, 139.5, 140.0, 97.5, 436.0, 94.5, 443.0, 67.5, 478.0, 9.5, 603.0, 0.0, 620.5]], "area": 34171.75, "iscrowd": 0, "image_id": 0, "bbox": [-0.5, 106.5, 140.0, 514.0], "category_id": 1, "id": 1}, {"segmentation": [[639.0, 455.5, 622.5, 438.0, 614.5, 421.0, 620.5, 386.0, 638.0, 364.5, 639.0, 455.5]], "area": 1409.5, "iscrowd": 0, "image_id": 0, "bbox": [614.5, 364.5, 24.5, 91.0], "category_id": 1, "id": 2}, {"segmentation": [[258.0, 639.5, 185.5, 639.0, 192.5, 529.0, 209.0, 505.5, 231.0, 502.5, 249.5, 515.0, 258.0, 639.5]], "area": 8316.5, "iscrowd": 0, "image_id": 0, "bbox": [185.5, 502.5, 72.5, 137.0], "category_id": 1, "id": 3}, {"segmentation": [[609.0, 639.5, 531.5, 637.0, 533.5, 530.0, 550.0, 506.5, 572.0, 504.5, 600.5, 517.0, 609.0, 639.5]], "area": 9153.75, "iscrowd": 0, "image_id": 0, "bbox": [531.5, 504.5, 77.5, 135.0], "category_id": 1, "id": 4}, {"segmentation": [[151.0, 639.5, 83.5, 639.0, 88.5, 525.0, 108.0, 506.5, 128.0, 505.5, 143.5, 514.0, 151.0, 639.5]], "area": 7835.5, "iscrowd": 0, "image_id": 0, "bbox": [83.5, 505.5, 67.5, 134.0], "category_id": 1, "id": 5}, {"segmentation": [[362.0, 639.5, 308.0, 639.5, 295.5, 638.0, 296.5, 531.0, 313.0, 507.5, 336.0, 505.5, 357.5, 519.0, 362.0, 639.5]], "area": 8095.75, "iscrowd": 0, "image_id": 0, "bbox": [295.5, 505.5, 66.5, 134.0], "category_id": 1, "id": 6}, {"segmentation": [[148.0, 639.5, 104.5, 637.0, 99.5, 425.0, 125.5, 330.0, 128.0, 316.5, 101.0, 309.5, 97.5, 311.0, 46.5, 449.0, 14.0, 463.5, -0.5, 450.0, -0.5, 331.0, 72.5, 123.0, 74.0, 120.5, 97.5, 108.0, 122.0, 38.5, 163.0, 41.5, 165.5, 61.0, 165.5, 68.0, 151.5, 109.0, 152.5, 128.0, 150.5, 154.0, 119.5, 236.0, 126.0, 253.5, 150.0, 261.5, 152.5, 260.0, 197.5, 130.0, 215.0, 110.5, 266.0, 120.5, 271.5, 128.0, 268.5, 160.0, 235.5, 280.0, 175.5, 448.0, 152.5, 478.0, 148.0, 639.5]], "area": 71429.25, "iscrowd": 0, "image_id": 1, "bbox": [-0.5, 38.5, 272.0, 601.0], "category_id": 1, "id": 7}, {"segmentation": [[307.0, 542.5, 262.0, 542.5, 261.5, 539.0, 274.5, 462.0, 264.5, 421.0, 307.5, 146.0, 309.5, 135.0, 312.5, 128.0, 332.5, 92.0, 339.5, 46.0, 386.0, 44.5, 381.5, 112.0, 393.5, 136.0, 393.5, 140.0, 346.5, 442.0, 344.5, 452.0, 321.5, 470.0, 307.0, 542.5]], "area": 36317.0, "iscrowd": 0, "image_id": 1, "bbox": [261.5, 44.5, 132.0, 498.0], "category_id": 1, "id": 8}, {"segmentation": [[407.0, 460.5, 358.0, 456.5, 336.5, 430.0, 339.5, 139.0, 366.0, 103.5, 392.0, 99.5, 412.5, 114.0, 419.5, 134.0, 420.5, 241.0, 433.0, 254.5, 439.0, 258.5, 453.0, 258.5, 464.5, 247.0, 464.5, 127.0, 477.5, 109.0, 483.5, 41.0, 529.0, 44.5, 523.5, 109.0, 542.5, 132.0, 542.5, 244.0, 561.0, 261.5, 580.0, 261.5, 639.5, 221.0, 639.5, 360.0, 588.0, 311.5, 561.0, 308.5, 552.5, 322.0, 546.5, 454.0, 531.0, 459.5, 478.0, 459.5, 467.5, 443.0, 463.5, 325.0, 456.0, 317.5, 446.0, 312.5, 437.0, 312.5, 432.5, 318.0, 422.5, 340.0, 422.5, 453.0, 407.0, 460.5]], "area": 69626.25, "iscrowd": 0, "image_id": 2, "bbox": [336.5, 41.0, 303.0, 419.5], "category_id": 1, "id": 9}, {"segmentation": [[144.0, 570.5, 115.5, 535.0, 144.5, 505.0, 148.5, 473.0, 124.5, 429.0, 113.5, 134.0, 130.5, 102.0, 130.5, 49.0, 159.0, 41.5, 171.5, 47.0, 178.5, 97.0, 197.5, 127.0, 214.5, 435.0, 196.5, 469.0, 194.5, 520.0, 144.0, 570.5]], "area": 38040.25, "iscrowd": 0, "image_id": 2, "bbox": [113.5, 41.5, 101.0, 529.0], "category_id": 1, "id": 10}, {"segmentation": [[633.0, 639.5, 570.5, 639.0, 574.5, 515.0, 600.0, 493.5, 615.0, 501.5, 630.5, 522.0, 633.0, 639.5]], "area": 7940.25, "iscrowd": 0, "image_id": 2, "bbox": [570.5, 493.5, 62.5, 146.0], "category_id": 1, "id": 11}, {"segmentation": [[328.0, 639.5, 267.5, 639.0, 266.5, 519.0, 280.0, 502.5, 317.0, 499.5, 331.5, 523.0, 328.0, 639.5]], "area": 8442.75, "iscrowd": 0, "image_id": 2, "bbox": [266.5, 499.5, 65.0, 140.0], "category_id": 1, "id": 12}, {"segmentation": [[428.0, 639.5, 366.5, 639.0, 368.5, 522.0, 393.0, 506.5, 416.0, 503.5, 429.5, 524.0, 428.0, 639.5]], "area": 7875.75, "iscrowd": 0, "image_id": 2, "bbox": [366.5, 503.5, 63.0, 136.0], "category_id": 1, "id": 13}, {"segmentation": [[530.0, 639.5, 470.5, 639.0, 473.0, 512.5, 498.0, 506.5, 516.0, 508.5, 535.5, 525.0, 530.0, 639.5]], "area": 7849.25, "iscrowd": 0, "image_id": 2, "bbox": [470.5, 506.5, 65.0, 133.0], "category_id": 1, "id": 14}, {"segmentation": [[373.0, 461.5, 352.5, 443.0, 350.5, 319.0, 334.0, 304.5, 320.0, 307.5, 307.5, 313.0, 300.5, 427.0, 289.5, 449.0, 263.0, 454.5, 258.0, 453.5, 235.0, 448.5, 225.5, 436.0, 221.5, 314.0, 219.5, 291.0, 225.5, 129.0, 255.0, 96.5, 283.0, 102.5, 284.5, 104.0, 300.5, 126.0, 302.5, 245.0, 333.0, 261.5, 341.5, 246.0, 342.5, 238.0, 349.5, 119.0, 373.0, 101.5, 393.0, 102.5, 410.0, 113.5, 426.5, 132.0, 428.5, 241.0, 436.5, 257.0, 472.0, 256.5, 488.5, 194.0, 504.5, 145.0, 543.0, 109.5, 575.0, 100.5, 606.0, 104.5, 633.0, 124.5, 635.5, 129.0, 638.5, 145.0, 637.5, 254.0, 623.0, 269.5, 574.0, 278.5, 505.0, 294.5, 441.0, 301.5, 421.5, 320.0, 429.5, 428.0, 392.0, 460.5, 373.0, 461.5]], "area": 83648.25, "iscrowd": 0, "image_id": 3, "bbox": [219.5, 96.5, 419.0, 365.0], "category_id": 1, "id": 15}, {"segmentation": [[179.0, 637.5, 131.5, 637.0, 137.5, 385.0, 32.0, 277.5, 1.5, 273.0, -0.5, 265.0, 1.0, 196.5, 176.5, 371.0, 190.5, 612.0, 190.5, 620.0, 179.0, 637.5]], "area": 21288.75, "iscrowd": 0, "image_id": 3, "bbox": [-0.5, 196.5, 191.0, 441.0], "category_id": 1, "id": 16}, {"segmentation": [[79.0, 639.5, 23.5, 636.0, 27.5, 523.0, 36.0, 506.5, 74.0, 499.5, 85.5, 533.0, 79.0, 639.5]], "area": 7461.5, "iscrowd": 0, "image_id": 3, "bbox": [23.5, 499.5, 62.0, 140.0], "category_id": 1, "id": 17}, {"segmentation": [[291.0, 637.5, 238.5, 637.0, 238.0, 515.5, 282.5, 517.0, 291.0, 637.5]], "area": 5864.0, "iscrowd": 0, "image_id": 3, "bbox": [238.0, 515.5, 53.0, 122.0], "category_id": 1, "id": 18}, {"segmentation": [[637.0, 510.5, 610.5, 497.0, 612.5, 467.0, 589.5, 437.0, 589.5, 143.0, 590.5, 134.0, 597.5, 112.0, 612.5, 80.0, 609.5, 54.0, 617.0, 42.5, 639.5, 43.0, 637.0, 510.5]], "area": 19911.0, "iscrowd": 0, "image_id": 4, "bbox": [589.5, 42.5, 50.0, 468.0], "category_id": 1, "id": 19}, {"segmentation": [[102.0, 459.5, 86.5, 422.0, 83.5, 402.0, 122.5, 153.0, 123.5, 149.0, 130.5, 141.0, 152.0, 104.5, 175.0, 102.5, 197.5, 114.0, 210.5, 146.0, 192.5, 237.0, 207.0, 247.5, 223.0, 245.5, 301.0, 172.5, 352.5, 321.0, 326.0, 314.5, 263.0, 303.5, 235.0, 291.5, 209.0, 293.5, 188.5, 318.0, 185.5, 324.0, 161.5, 445.0, 143.0, 457.5, 102.0, 459.5]], "area": 41342.5, "iscrowd": 0, "image_id": 4, "bbox": [83.5, 102.5, 269.0, 357.0], "category_id": 1, "id": 20}, {"segmentation": [[3.0, 250.5, 2.0, 121.5, 40.5, 172.0, 28.5, 217.0, 3.0, 250.5]], "area": 2830.75, "iscrowd": 0, "image_id": 4, "bbox": [2.0, 121.5, 38.5, 129.0], "category_id": 1, "id": 21}, {"segmentation": [[451.0, 637.5, 445.5, 622.0, 444.5, 607.0, 442.5, 537.0, 445.5, 519.0, 446.5, 516.0, 457.0, 507.5, 483.0, 503.5, 502.0, 512.5, 503.5, 518.0, 512.5, 603.0, 508.5, 633.0, 507.0, 636.5, 451.0, 637.5]], "area": 8231.0, "iscrowd": 0, "image_id": 4, "bbox": [442.5, 503.5, 70.0, 134.0], "category_id": 1, "id": 22}, {"segmentation": [[335.0, 637.5, 276.5, 635.0, 274.5, 529.0, 285.0, 510.5, 307.0, 504.5, 329.0, 516.5, 335.5, 529.0, 339.5, 622.0, 335.0, 637.5]], "area": 7665.25, "iscrowd": 0, "image_id": 4, "bbox": [274.5, 504.5, 65.0, 133.0], "category_id": 1, "id": 23}, {"segmentation": [[455.0, 463.5, 442.0, 461.5, 425.0, 455.5, 410.5, 441.0, 406.5, 427.0, 408.5, 405.0, 430.5, 335.0, 430.5, 324.0, 425.5, 314.0, 415.0, 310.5, 387.0, 311.5, 378.0, 309.5, 356.0, 294.5, 344.0, 289.5, 306.0, 283.5, 247.0, 270.5, 217.0, 245.5, 205.5, 230.0, 196.5, 196.0, 192.5, 164.0, 201.5, 146.0, 205.5, 141.0, 224.0, 120.5, 241.0, 107.5, 258.0, 99.5, 284.0, 92.5, 309.0, 94.5, 328.0, 102.5, 345.0, 114.5, 369.5, 139.0, 390.5, 218.0, 393.5, 241.0, 399.5, 253.0, 422.0, 260.5, 434.0, 258.5, 453.5, 251.0, 461.5, 233.0, 477.5, 171.0, 487.5, 144.0, 500.0, 119.5, 525.5, 108.0, 545.5, 43.0, 586.0, 44.5, 573.5, 107.0, 574.5, 127.0, 581.5, 141.0, 490.5, 442.0, 488.5, 447.0, 475.0, 459.5, 455.0, 463.5]], "area": 68502.0, "iscrowd": 0, "image_id": 5, "bbox": [192.5, 43.0, 393.5, 420.5], "category_id": 1, "id": 24}, {"segmentation": [[0.0, 620.5, -0.5, 515.0, 16.5, 479.0, 8.5, 429.0, 61.5, 121.0, 63.0, 117.5, 86.0, 111.5, 104.0, 112.5, 122.5, 119.0, 135.5, 147.0, 135.5, 150.0, 87.5, 436.0, 85.5, 441.0, 65.5, 469.0, 60.5, 479.0, 3.5, 606.0, 0.0, 620.5]], "area": 31673.0, "iscrowd": 0, "image_id": 5, "bbox": [-0.5, 111.5, 136.0, 509.0], "category_id": 1, "id": 25}, {"segmentation": [[639.0, 457.5, 609.5, 430.0, 613.5, 389.0, 639.0, 345.5, 639.0, 457.5]], "area": 2087.75, "iscrowd": 0, "image_id": 5, "bbox": [609.5, 345.5, 29.5, 112.0], "category_id": 1, "id": 26}, {"segmentation": [[354.0, 639.5, 292.0, 639.5, 289.5, 636.0, 290.5, 519.0, 306.0, 502.5, 328.0, 503.5, 343.0, 511.5, 352.5, 525.0, 354.0, 639.5]], "area": 8274.0, "iscrowd": 0, "image_id": 5, "bbox": [289.5, 502.5, 64.5, 137.0], "category_id": 1, "id": 27}, {"segmentation": [[601.0, 639.5, 534.0, 639.5, 530.5, 637.0, 531.5, 526.0, 550.0, 505.5, 570.0, 502.5, 587.0, 509.5, 590.5, 512.0, 598.5, 528.0, 601.0, 639.5]], "area": 8868.5, "iscrowd": 0, "image_id": 5, "bbox": [530.5, 502.5, 70.5, 137.0], "category_id": 1, "id": 28}, {"segmentation": [[138.0, 636.5, 73.5, 636.0, 78.5, 543.0, 100.0, 507.5, 124.0, 503.5, 142.5, 527.0, 138.0, 636.5]], "area": 7751.5, "iscrowd": 0, "image_id": 5, "bbox": [73.5, 503.5, 69.0, 133.0], "category_id": 1, "id": 29}, {"segmentation": [[184.0, 639.5, 181.5, 534.0, 187.5, 517.0, 190.0, 513.5, 203.0, 504.5, 236.0, 509.5, 248.5, 519.0, 251.5, 638.0, 184.0, 639.5]], "area": 8629.75, "iscrowd": 0, "image_id": 5, "bbox": [181.5, 504.5, 70.0, 135.0], "category_id": 1, "id": 30}, {"segmentation": [[102.0, 639.5, 96.5, 416.0, 125.5, 330.0, 119.0, 314.5, 88.5, 320.0, 54.5, 431.0, 48.5, 444.0, 42.0, 454.5, 30.0, 458.5, 11.0, 461.5, -0.5, 456.0, -0.5, 332.0, 65.5, 136.0, 68.0, 132.5, 92.5, 113.0, 114.5, 69.0, 113.5, 46.0, 156.0, 46.5, 159.5, 74.0, 144.5, 123.0, 147.5, 146.0, 117.5, 249.0, 122.0, 262.5, 135.0, 266.5, 147.0, 260.5, 154.5, 253.0, 193.5, 130.0, 205.0, 114.5, 224.0, 111.5, 241.0, 113.5, 258.0, 120.5, 266.5, 147.0, 253.5, 213.0, 177.5, 440.0, 142.5, 472.0, 141.5, 498.0, 147.5, 636.0, 102.0, 639.5]], "area": 69231.0, "iscrowd": 0, "image_id": 6, "bbox": [-0.5, 46.0, 267.0, 593.5], "category_id": 1, "id": 31}, {"segmentation": [[306.0, 550.5, 263.5, 548.0, 271.5, 458.0, 259.5, 432.0, 259.5, 428.0, 293.5, 218.0, 312.5, 127.0, 334.5, 92.0, 336.5, 47.0, 381.0, 48.5, 376.5, 105.0, 387.5, 142.0, 389.5, 154.0, 344.5, 446.0, 343.5, 450.0, 340.0, 453.5, 312.5, 477.0, 306.0, 550.5]], "area": 36080.5, "iscrowd": 0, "image_id": 6, "bbox": [259.5, 47.0, 130.0, 503.5], "category_id": 1, "id": 32}, {"segmentation": [[520.0, 465.5, 479.0, 464.5, 459.5, 445.0, 455.5, 320.0, 442.0, 314.5, 426.0, 314.5, 418.5, 329.0, 422.5, 444.0, 408.5, 462.0, 406.0, 464.5, 360.0, 464.5, 344.5, 456.0, 334.5, 437.0, 334.5, 147.0, 341.5, 121.0, 343.0, 118.5, 367.0, 105.5, 379.0, 102.5, 401.0, 102.5, 411.5, 114.0, 415.5, 129.0, 418.5, 256.0, 428.0, 261.5, 446.0, 261.5, 454.5, 250.0, 459.5, 123.0, 475.5, 92.0, 476.0, 45.5, 518.5, 45.0, 520.5, 101.0, 523.5, 113.0, 534.5, 133.0, 540.5, 159.0, 540.5, 243.0, 543.5, 253.0, 565.0, 262.5, 576.0, 260.5, 593.0, 244.5, 619.0, 227.5, 639.5, 218.0, 639.5, 359.0, 575.0, 313.5, 551.0, 315.5, 542.5, 333.0, 541.5, 445.0, 520.0, 465.5]], "area": 71969.0, "iscrowd": 0, "image_id": 7, "bbox": [334.5, 45.0, 305.0, 420.5], "category_id": 1, "id": 33}, {"segmentation": [[141.0, 573.5, 113.5, 539.0, 145.5, 503.0, 145.5, 494.0, 144.5, 483.0, 120.5, 434.0, 106.5, 132.0, 126.5, 110.0, 121.5, 50.0, 168.0, 48.5, 171.5, 102.0, 193.5, 136.0, 210.5, 449.0, 189.5, 472.0, 193.5, 504.0, 187.5, 520.0, 141.0, 573.5]], "area": 38129.75, "iscrowd": 0, "image_id": 7, "bbox": [106.5, 48.5, 104.0, 525.0], "category_id": 1, "id": 34}, {"segmentation": [[623.0, 639.5, 582.0, 639.5, 566.5, 636.0, 568.5, 524.0, 582.0, 503.5, 609.0, 505.5, 621.5, 523.0, 623.0, 639.5]], "area": 7087.5, "iscrowd": 0, "image_id": 7, "bbox": [566.5, 503.5, 56.5, 136.0], "category_id": 1, "id": 35}, {"segmentation": [[323.0, 639.5, 260.5, 639.0, 262.5, 617.0, 264.5, 524.0, 276.0, 507.5, 306.0, 505.5, 321.5, 519.0, 323.0, 639.5]], "area": 7621.25, "iscrowd": 0, "image_id": 7, "bbox": [260.5, 505.5, 62.5, 134.0], "category_id": 1, "id": 36}, {"segmentation": [[527.0, 639.5, 465.5, 639.0, 470.5, 537.0, 482.0, 512.5, 508.0, 513.5, 522.5, 531.0, 527.0, 639.5]], "area": 6795.0, "iscrowd": 0, "image_id": 7, "bbox": [465.5, 512.5, 61.5, 127.0], "category_id": 1, "id": 37}, {"segmentation": [[425.0, 639.5, 362.5, 639.0, 364.5, 626.0, 368.5, 536.0, 380.0, 519.5, 409.0, 514.5, 420.5, 529.0, 425.0, 639.5]], "area": 6672.75, "iscrowd": 0, "image_id": 7, "bbox": [362.5, 514.5, 62.5, 125.0], "category_id": 1, "id": 38}, {"segmentation": [[131.0, 639.5, 93.5, 639.0, 91.5, 443.0, 85.5, 416.0, 111.5, 333.0, 116.0, 314.5, 97.0, 305.5, 74.5, 314.0, 37.5, 440.0, 19.0, 454.5, 0.5, 454.0, -0.5, 295.0, 53.5, 128.0, 55.0, 125.5, 79.5, 115.0, 107.0, 38.5, 153.5, 40.0, 136.5, 109.0, 136.5, 137.0, 104.5, 246.0, 117.0, 255.5, 139.0, 255.5, 140.5, 254.0, 182.5, 126.0, 185.0, 122.5, 209.0, 105.5, 238.0, 107.5, 254.5, 126.0, 253.5, 162.0, 202.5, 340.0, 153.5, 446.0, 135.5, 467.0, 131.0, 639.5]], "area": 66928.75, "iscrowd": 0, "image_id": 8, "bbox": [-0.5, 38.5, 255.0, 601.0], "category_id": 1, "id": 39}, {"segmentation": [[294.0, 543.5, 247.5, 539.0, 266.5, 458.0, 266.5, 455.0, 248.5, 418.0, 302.5, 122.0, 323.5, 83.0, 330.5, 39.0, 373.0, 39.5, 363.5, 105.0, 377.5, 134.0, 377.5, 138.0, 337.5, 435.0, 336.5, 439.0, 304.5, 468.0, 294.0, 543.5]], "area": 35458.75, "iscrowd": 0, "image_id": 8, "bbox": [247.5, 39.0, 130.0, 504.5], "category_id": 1, "id": 40}, {"segmentation": [[453.0, 461.5, 431.0, 459.5, 403.0, 449.5, 393.5, 425.0, 394.5, 401.0, 419.5, 338.0, 411.5, 308.0, 410.0, 306.5, 379.0, 307.5, 353.0, 291.5, 322.0, 279.5, 293.0, 279.5, 240.0, 268.5, 221.0, 256.5, 191.5, 227.0, 183.5, 207.0, 180.5, 175.0, 188.5, 154.0, 201.5, 128.0, 214.0, 110.5, 259.0, 90.5, 275.0, 88.5, 309.0, 96.5, 338.5, 115.0, 359.5, 152.0, 366.5, 182.0, 372.5, 200.0, 372.5, 231.0, 376.5, 239.0, 378.5, 250.0, 383.5, 258.0, 391.0, 261.5, 420.0, 261.5, 434.0, 259.5, 442.5, 253.0, 447.5, 245.0, 453.5, 220.0, 482.5, 124.0, 485.0, 120.5, 512.5, 100.0, 528.5, 45.0, 568.0, 45.5, 568.5, 48.0, 553.5, 106.0, 553.5, 109.0, 566.5, 134.0, 564.5, 162.0, 472.5, 441.0, 453.0, 461.5]], "area": 66055.0, "iscrowd": 0, "image_id": 9, "bbox": [180.5, 45.0, 388.0, 416.5], "category_id": 1, "id": 41}, {"segmentation": [[0.0, 589.5, -0.5, 409.0, 41.5, 127.0, 42.5, 123.0, 59.0, 105.5, 79.0, 102.5, 107.0, 110.5, 120.5, 138.0, 120.5, 142.0, 76.5, 434.0, 74.5, 444.0, 53.5, 467.0, 49.5, 475.0, 1.5, 582.0, 0.0, 589.5]], "area": 31490.25, "iscrowd": 0, "image_id": 9, "bbox": [-0.5, 102.5, 121.0, 487.0], "category_id": 1, "id": 42}, {"segmentation": [[639.0, 464.5, 636.0, 460.5, 607.0, 448.5, 594.5, 420.0, 639.0, 293.5, 639.0, 464.5]], "area": 4120.75, "iscrowd": 0, "image_id": 9, "bbox": [594.5, 293.5, 44.5, 171.0], "category_id": 1, "id": 43}, {"segmentation": [[587.0, 639.5, 512.5, 639.0, 518.5, 523.0, 531.0, 502.5, 551.0, 494.5, 567.0, 495.5, 586.5, 522.0, 587.0, 639.5]], "area": 9627.75, "iscrowd": 0, "image_id": 9, "bbox": [512.5, 494.5, 74.5, 145.0], "category_id": 1, "id": 44}, {"segmentation": [[128.0, 639.5, 64.5, 637.0, 63.5, 560.0, 73.5, 526.0, 95.0, 496.5, 114.5, 497.0, 129.5, 542.0, 128.0, 639.5]], "area": 8112.5, "iscrowd": 0, "image_id": 9, "bbox": [63.5, 496.5, 66.0, 143.0], "category_id": 1, "id": 45}, {"segmentation": [[283.0, 638.5, 279.5, 518.0, 283.5, 510.0, 300.0, 497.5, 320.0, 502.5, 323.0, 504.5, 332.5, 512.0, 340.5, 525.0, 344.5, 637.0, 283.0, 638.5]], "area": 8066.75, "iscrowd": 0, "image_id": 9, "bbox": [279.5, 497.5, 65.0, 141.0], "category_id": 1, "id": 46}, {"segmentation": [[234.0, 639.5, 171.5, 638.0, 176.5, 516.0, 200.0, 500.5, 217.0, 499.5, 228.5, 511.0, 232.5, 525.0, 234.0, 639.5]], "area": 7837.25, "iscrowd": 0, "image_id": 9, "bbox": [171.5, 499.5, 62.5, 140.0], "category_id": 1, "id": 47}, {"segmentation": [[367.0, 464.5, 345.0, 464.5, 331.5, 455.0, 321.5, 438.0, 319.5, 148.0, 324.5, 125.0, 325.5, 122.0, 342.0, 105.5, 359.0, 99.5, 378.0, 99.5, 395.5, 114.0, 403.5, 250.0, 424.0, 263.5, 426.0, 263.5, 443.5, 253.0, 443.5, 129.0, 463.5, 96.0, 461.5, 47.0, 503.0, 44.5, 508.5, 100.0, 523.5, 126.0, 527.5, 228.0, 530.5, 244.0, 534.5, 252.0, 540.0, 256.5, 550.0, 257.5, 558.0, 253.5, 572.0, 249.5, 606.0, 221.5, 624.0, 213.5, 639.5, 211.0, 639.5, 369.0, 628.0, 365.5, 612.0, 357.5, 599.0, 346.5, 589.0, 340.5, 572.0, 322.5, 561.0, 315.5, 540.0, 314.5, 531.5, 322.0, 526.5, 333.0, 527.5, 413.0, 525.5, 430.0, 514.5, 458.0, 472.0, 460.5, 459.0, 457.5, 455.0, 456.5, 447.5, 450.0, 445.5, 354.0, 444.5, 332.0, 442.5, 324.0, 440.0, 319.5, 432.0, 314.5, 417.0, 313.5, 411.0, 317.5, 403.5, 327.0, 404.5, 448.0, 394.0, 456.5, 367.0, 464.5]], "area": 73420.5, "iscrowd": 0, "image_id": 10, "bbox": [319.5, 44.5, 320.0, 420.0], "category_id": 1, "id": 48}, {"segmentation": [[127.0, 568.5, 100.5, 539.0, 133.5, 501.0, 134.5, 481.0, 108.5, 444.0, 93.5, 136.0, 110.5, 100.0, 108.5, 49.0, 152.0, 46.5, 152.5, 95.0, 179.5, 130.0, 196.5, 433.0, 175.5, 475.0, 178.5, 508.0, 169.5, 526.0, 127.0, 568.5]], "area": 37576.5, "iscrowd": 0, "image_id": 10, "bbox": [93.5, 46.5, 103.0, 522.0], "category_id": 1, "id": 49}, {"segmentation": [[609.0, 638.5, 554.5, 636.0, 555.5, 523.0, 578.0, 500.5, 600.0, 507.5, 607.5, 512.0, 609.0, 638.5]], "area": 6862.25, "iscrowd": 0, "image_id": 10, "bbox": [554.5, 500.5, 54.5, 138.0], "category_id": 1, "id": 50}, {"segmentation": [[252.0, 638.5, 247.5, 533.0, 260.0, 506.5, 269.0, 501.5, 298.0, 502.5, 306.5, 519.0, 311.5, 637.0, 252.0, 638.5]], "area": 7759.75, "iscrowd": 0, "image_id": 10, "bbox": [247.5, 501.5, 64.0, 137.0], "category_id": 1, "id": 51}, {"segmentation": [[353.0, 638.5, 351.5, 534.0, 361.0, 516.5, 393.0, 505.5, 409.5, 520.0, 408.5, 637.0, 353.0, 638.5]], "area": 7050.75, "iscrowd": 0, "image_id": 10, "bbox": [351.5, 505.5, 58.0, 133.0], "category_id": 1, "id": 52}, {"segmentation": [[512.0, 638.5, 452.5, 637.0, 455.5, 516.0, 470.0, 506.5, 512.5, 521.0, 512.0, 638.5]], "area": 7259.0, "iscrowd": 0, "image_id": 10, "bbox": [452.5, 506.5, 60.0, 132.0], "category_id": 1, "id": 53}, {"segmentation": [[356.0, 466.5, 334.5, 450.0, 328.5, 435.0, 325.5, 320.0, 317.0, 308.5, 294.0, 308.5, 287.5, 327.0, 289.5, 435.0, 285.5, 445.0, 262.0, 459.5, 237.0, 459.5, 214.0, 454.5, 204.5, 445.0, 200.5, 138.0, 213.5, 112.0, 231.0, 99.5, 252.0, 99.5, 272.5, 110.0, 280.5, 125.0, 281.5, 131.0, 285.5, 177.0, 285.5, 238.0, 291.5, 253.0, 304.0, 257.5, 315.0, 252.5, 323.5, 239.0, 326.5, 123.0, 336.0, 105.5, 351.0, 99.5, 369.0, 95.5, 386.0, 95.5, 396.5, 107.0, 407.5, 124.0, 412.5, 138.0, 413.5, 236.0, 419.0, 246.5, 431.0, 252.5, 441.0, 254.5, 445.0, 254.5, 449.5, 250.0, 461.5, 233.0, 467.5, 164.0, 481.5, 137.0, 503.0, 117.5, 531.0, 98.5, 565.0, 94.5, 596.0, 96.5, 618.0, 110.5, 639.5, 128.0, 639.5, 236.0, 626.5, 255.0, 607.0, 267.5, 502.0, 290.5, 479.0, 300.5, 455.0, 306.5, 430.0, 308.5, 418.0, 311.5, 414.5, 323.0, 415.5, 437.0, 386.0, 465.5, 356.0, 466.5]], "area": 94904.75, "iscrowd": 0, "image_id": 11, "bbox": [200.5, 94.5, 439.0, 372.0], "category_id": 1, "id": 54}, {"segmentation": [[170.0, 638.5, 110.5, 638.0, 114.5, 386.0, 0.5, 273.0, 0.0, 210.5, 163.5, 373.0, 170.0, 638.5]], "area": 22623.25, "iscrowd": 0, "image_id": 11, "bbox": [0.0, 210.5, 170.0, 428.0], "category_id": 1, "id": 55}, {"segmentation": [[6.0, 639.5, 4.5, 527.0, 9.5, 512.0, 18.0, 503.5, 28.0, 500.5, 37.0, 495.5, 49.0, 494.5, 57.5, 500.0, 67.5, 520.0, 68.5, 638.0, 6.0, 639.5]], "area": 8535.75, "iscrowd": 0, "image_id": 11, "bbox": [4.5, 494.5, 64.0, 145.0], "category_id": 1, "id": 56}, {"segmentation": [[276.0, 639.5, 212.5, 639.0, 213.5, 542.0, 218.5, 526.0, 224.5, 514.0, 232.0, 507.5, 242.0, 505.5, 258.0, 512.5, 262.5, 516.0, 275.5, 535.0, 276.0, 639.5]], "area": 7733.0, "iscrowd": 0, "image_id": 11, "bbox": [212.5, 505.5, 63.5, 134.0], "category_id": 1, "id": 57}, {"segmentation": [[639.0, 540.5, 632.0, 532.5, 607.5, 511.0, 592.5, 490.0, 585.5, 466.0, 570.5, 435.0, 570.5, 122.0, 591.5, 93.0, 592.0, 44.5, 633.5, 43.0, 631.5, 92.0, 639.5, 104.0, 639.0, 540.5]], "area": 29554.0, "iscrowd": 0, "image_id": 12, "bbox": [570.5, 43.0, 69.0, 497.5], "category_id": 1, "id": 58}, {"segmentation": [[120.0, 461.5, 99.0, 460.5, 88.0, 457.5, 76.0, 449.5, 68.5, 429.0, 65.5, 414.0, 108.5, 119.0, 123.0, 105.5, 142.0, 98.5, 156.0, 99.5, 169.0, 102.5, 178.0, 110.5, 184.5, 117.0, 192.5, 136.0, 194.5, 158.0, 188.5, 200.0, 184.5, 217.0, 184.5, 239.0, 193.0, 244.5, 208.0, 244.5, 231.0, 219.5, 252.5, 201.0, 284.0, 165.5, 337.5, 325.0, 299.0, 310.5, 214.0, 292.5, 205.0, 292.5, 175.0, 297.5, 147.5, 447.0, 142.0, 451.5, 120.0, 461.5]], "area": 43533.0, "iscrowd": 0, "image_id": 12, "bbox": [65.5, 98.5, 272.0, 363.0], "category_id": 1, "id": 59}, {"segmentation": [[0.0, 242.5, 0.0, 137.5, 14.5, 170.0, 13.5, 218.0, 2.5, 235.0, 0.0, 242.5]], "area": 1053.0, "iscrowd": 0, "image_id": 12, "bbox": [0.0, 137.5, 14.5, 105.0], "category_id": 1, "id": 60}, {"segmentation": [[325.0, 639.5, 255.5, 639.0, 252.5, 536.0, 258.5, 511.0, 270.0, 499.5, 289.0, 496.5, 306.0, 499.5, 314.5, 510.0, 323.5, 528.0, 325.0, 639.5]], "area": 9474.0, "iscrowd": 0, "image_id": 12, "bbox": [252.5, 496.5, 72.5, 143.0], "category_id": 1, "id": 61}, {"segmentation": [[494.0, 638.5, 424.5, 637.0, 424.5, 523.0, 437.0, 506.5, 449.0, 499.5, 467.0, 499.5, 479.0, 506.5, 496.5, 523.0, 494.0, 638.5]], "area": 9270.0, "iscrowd": 0, "image_id": 12, "bbox": [424.5, 499.5, 72.0, 139.0], "category_id": 1, "id": 62}, {"segmentation": [[499.0, 548.5, 458.0, 545.5, 452.5, 539.0, 457.5, 527.0, 467.5, 470.0, 458.5, 432.0, 458.5, 427.0, 503.5, 127.0, 505.5, 117.0, 523.5, 99.0, 532.5, 41.0, 576.0, 42.5, 573.5, 111.0, 581.5, 127.0, 576.5, 164.0, 534.5, 439.0, 533.5, 443.0, 513.5, 461.0, 499.0, 548.5]], "area": 34149.5, "iscrowd": 0, "image_id": 13, "bbox": [452.5, 41.0, 129.0, 507.5], "category_id": 1, "id": 63}, {"segmentation": [[336.0, 545.5, 269.5, 544.0, 340.5, 469.0, 338.5, 432.0, 330.5, 425.0, 330.5, 423.0, 391.5, 115.0, 393.0, 111.5, 406.5, 103.0, 414.5, 85.0, 418.5, 56.0, 409.5, 42.0, 465.0, 41.5, 469.5, 67.0, 466.5, 76.0, 459.5, 88.0, 459.5, 91.0, 464.5, 118.0, 466.5, 159.0, 412.5, 443.0, 410.0, 447.5, 387.5, 463.0, 380.5, 480.0, 379.5, 500.0, 344.0, 526.5, 334.5, 536.0, 336.0, 545.5]], "area": 37258.25, "iscrowd": 0, "image_id": 13, "bbox": [269.5, 41.5, 200.0, 504.0], "category_id": 1, "id": 64}, {"segmentation": [[623.0, 544.5, 575.0, 542.5, 574.5, 539.0, 587.5, 462.0, 582.5, 434.0, 581.5, 419.0, 623.5, 126.0, 624.5, 121.0, 639.0, 91.5, 639.5, 458.0, 627.5, 478.0, 623.5, 500.0, 623.0, 544.5]], "area": 17105.0, "iscrowd": 0, "image_id": 13, "bbox": [574.5, 91.5, 65.0, 453.0], "category_id": 1, "id": 65}, {"segmentation": [[86.0, 626.5, -0.5, 534.0, 0.0, 105.5, 17.5, 127.0, 14.5, 425.0, 2.5, 448.0, 2.5, 482.0, 96.5, 581.0, 86.0, 626.5]], "area": 10441.75, "iscrowd": 0, "image_id": 13, "bbox": [-0.5, 105.5, 97.0, 521.0], "category_id": 1, "id": 66}, {"segmentation": [[357.0, 470.5, 331.5, 453.0, 321.5, 433.0, 321.5, 150.0, 337.5, 117.0, 343.0, 110.5, 385.0, 107.5, 390.0, 111.5, 394.5, 116.0, 402.5, 132.0, 407.5, 256.0, 421.0, 262.5, 435.0, 261.5, 447.5, 249.0, 445.5, 139.0, 456.5, 122.0, 461.5, 44.0, 494.0, 43.5, 507.5, 61.0, 504.5, 107.0, 523.5, 132.0, 526.5, 241.0, 530.5, 259.0, 545.0, 264.5, 558.0, 265.5, 579.0, 248.5, 639.5, 216.0, 639.5, 368.0, 558.0, 314.5, 540.0, 314.5, 529.5, 335.0, 528.5, 438.0, 513.0, 461.5, 471.0, 461.5, 456.0, 458.5, 447.5, 448.0, 444.5, 328.0, 433.0, 315.5, 418.0, 314.5, 404.5, 325.0, 402.5, 442.0, 382.0, 463.5, 357.0, 470.5]], "area": 71634.0, "iscrowd": 0, "image_id": 14, "bbox": [321.5, 43.5, 318.0, 427.0], "category_id": 1, "id": 67}, {"segmentation": [[123.0, 573.5, 97.5, 538.0, 133.5, 500.0, 133.5, 496.0, 129.5, 466.0, 113.5, 443.0, 111.5, 432.0, 95.5, 138.0, 113.5, 105.0, 109.5, 49.0, 151.0, 47.5, 154.5, 99.0, 174.5, 136.0, 175.5, 145.0, 192.5, 436.0, 178.5, 474.0, 179.5, 517.0, 123.0, 573.5]], "area": 35233.0, "iscrowd": 0, "image_id": 14, "bbox": [95.5, 47.5, 97.0, 526.0], "category_id": 1, "id": 68}, {"segmentation": [[612.0, 638.5, 558.5, 638.0, 556.5, 520.0, 578.0, 503.5, 598.0, 506.5, 609.5, 521.0, 612.0, 638.5]], "area": 6844.25, "iscrowd": 0, "image_id": 14, "bbox": [556.5, 503.5, 55.5, 135.0], "category_id": 1, "id": 69}, {"segmentation": [[311.0, 638.5, 246.5, 638.0, 245.5, 543.0, 253.5, 519.0, 271.0, 510.5, 288.0, 508.5, 304.5, 514.0, 311.0, 638.5]], "area": 7658.75, "iscrowd": 0, "image_id": 14, "bbox": [245.5, 508.5, 65.5, 130.0], "category_id": 1, "id": 70}, {"segmentation": [[410.0, 639.5, 355.5, 639.0, 354.5, 534.0, 367.0, 516.5, 399.0, 516.5, 407.5, 524.0, 410.0, 639.5]], "area": 6455.5, "iscrowd": 0, "image_id": 14, "bbox": [354.5, 516.5, 55.5, 123.0], "category_id": 1, "id": 71}, {"segmentation": [[511.0, 638.5, 455.5, 637.0, 450.5, 561.0, 456.5, 527.0, 468.0, 516.5, 501.0, 516.5, 510.5, 522.0, 511.0, 638.5]], "area": 6858.5, "iscrowd": 0, "image_id": 14, "bbox": [450.5, 516.5, 60.5, 122.0], "category_id": 1, "id": 72}, {"segmentation": [[317.0, 198.5, 298.0, 189.5, 287.5, 178.0, 279.5, 19.0, 252.0, 3.5, 249.0, 0.5, 360.5, 0.0, 353.5, 175.0, 346.0, 189.5, 331.0, 196.5, 317.0, 198.5]], "area": 14330.25, "iscrowd": 0, "image_id": 15, "bbox": [249.0, 0.0, 111.5, 198.5], "category_id": 1, "id": 73}, {"segmentation": [[530.0, 639.5, 525.5, 579.0, 545.5, 477.0, 544.5, 199.0, 530.5, 178.0, 522.5, 0.0, 606.0, -0.5, 605.5, 163.0, 581.5, 200.0, 580.5, 475.0, 563.5, 575.0, 565.5, 638.0, 530.0, 639.5]], "area": 31013.25, "iscrowd": 0, "image_id": 15, "bbox": [522.5, -0.5, 83.5, 640.0], "category_id": 1, "id": 74}, {"segmentation": [[435.0, 639.5, 434.5, 553.0, 424.0, 550.5, 421.0, 550.5, 419.5, 555.0, 414.0, 607.5, 332.0, 616.5, 329.0, 636.5, 304.5, 639.0, 305.5, 611.0, 283.5, 585.0, 278.5, 262.0, 289.0, 249.5, 392.5, 222.0, 396.5, 64.0, 402.5, 54.0, 413.0, 41.5, 433.0, 32.5, 458.0, 30.5, 475.5, 39.0, 485.5, 59.0, 487.5, 594.0, 461.5, 608.0, 459.0, 638.5, 435.0, 639.5]], "area": 94834.5, "iscrowd": 0, "image_id": 15, "bbox": [278.5, 30.5, 209.0, 609.0], "category_id": 1, "id": 75}, {"segmentation": [[0.0, 257.5, 0.0, 90.5, 11.5, 99.0, 5.5, 151.0, 15.5, 176.0, 0.0, 257.5]], "area": 1385.0, "iscrowd": 0, "image_id": 15, "bbox": [0.0, 90.5, 15.5, 167.0], "category_id": 1, "id": 76}, {"segmentation": [[52.0, 560.5, 15.5, 556.0, 30.5, 499.0, 15.5, 477.0, 14.5, 472.0, 57.5, 162.0, 60.0, 156.5, 85.0, 137.5, 109.0, 141.5, 128.5, 161.0, 128.5, 165.0, 91.5, 470.0, 90.5, 475.0, 69.5, 500.0, 52.0, 560.5]], "area": 27993.5, "iscrowd": 0, "image_id": 15, "bbox": [14.5, 137.5, 114.0, 423.0], "category_id": 1, "id": 77}, {"segmentation": [[161.0, 606.5, 130.5, 593.0, 155.5, 524.0, 152.5, 494.0, 138.5, 472.0, 137.5, 466.0, 174.5, 164.0, 175.5, 159.0, 200.0, 138.5, 221.0, 141.5, 236.0, 150.5, 249.5, 177.0, 249.5, 182.0, 215.5, 481.0, 207.0, 495.5, 189.5, 501.0, 184.5, 523.0, 185.5, 551.0, 161.0, 606.5]], "area": 30629.25, "iscrowd": 0, "image_id": 15, "bbox": [130.5, 138.5, 119.0, 468.0], "category_id": 1, "id": 78}, {"segmentation": [[639.0, 638.5, 619.5, 638.0, 620.5, 602.0, 606.5, 575.0, 639.0, 325.5, 639.0, 638.5]], "area": 5431.75, "iscrowd": 0, "image_id": 15, "bbox": [606.5, 325.5, 32.5, 313.0], "category_id": 1, "id": 79}, {"segmentation": [[330.0, 215.5, 304.0, 206.5, 286.5, 181.0, 282.5, 43.0, 265.0, 21.5, 225.0, 0.5, 367.5, 0.0, 364.5, 176.0, 349.5, 209.0, 330.0, 215.5]], "area": 17583.75, "iscrowd": 0, "image_id": 16, "bbox": [225.0, 0.0, 142.5, 215.5], "category_id": 1, "id": 80}, {"segmentation": [[567.0, 639.5, 530.5, 639.0, 533.5, 597.0, 549.5, 474.0, 549.5, 211.0, 538.5, 196.0, 536.5, 186.0, 525.0, -0.5, 606.5, 0.0, 607.5, 189.0, 586.5, 210.0, 594.5, 385.0, 567.0, 639.5]], "area": 32420.0, "iscrowd": 0, "image_id": 16, "bbox": [525.0, -0.5, 82.5, 640.0], "category_id": 1, "id": 81}, {"segmentation": [[472.0, 639.5, 441.0, 639.5, 435.0, 630.5, 414.0, 623.5, 340.0, 623.5, 338.0, 638.5, 308.0, 638.5, 310.5, 623.0, 291.5, 617.0, 287.5, 598.0, 285.5, 278.0, 292.0, 267.5, 395.5, 237.0, 406.5, 68.0, 422.0, 49.5, 453.0, 44.5, 473.0, 50.5, 487.5, 64.0, 493.5, 552.0, 486.5, 606.0, 470.5, 615.0, 472.0, 639.5]], "area": 94192.75, "iscrowd": 0, "image_id": 16, "bbox": [285.5, 44.5, 208.0, 595.0], "category_id": 1, "id": 82}, {"segmentation": [[0.0, 281.5, 0.0, 105.5, 9.5, 113.0, 9.5, 161.0, 17.5, 175.0, 0.0, 281.5]], "area": 1612.5, "iscrowd": 0, "image_id": 16, "bbox": [0.0, 105.5, 17.5, 176.0], "category_id": 1, "id": 83}, {"segmentation": [[164.0, 620.5, 134.5, 603.0, 147.5, 579.0, 155.5, 551.0, 160.5, 524.0, 160.5, 521.0, 150.5, 501.0, 135.5, 484.0, 136.5, 473.0, 177.5, 175.0, 189.0, 160.5, 208.0, 151.5, 227.0, 153.5, 242.5, 167.0, 249.5, 183.0, 251.5, 218.0, 221.5, 467.0, 214.5, 500.0, 200.0, 512.5, 190.5, 517.0, 190.5, 558.0, 186.5, 576.0, 173.5, 606.0, 164.0, 620.5]], "area": 31657.75, "iscrowd": 0, "image_id": 16, "bbox": [134.5, 151.5, 117.0, 469.0], "category_id": 1, "id": 84}, {"segmentation": [[54.0, 573.5, 16.5, 564.0, 31.5, 519.0, 31.5, 507.0, 15.5, 488.0, 13.5, 482.0, 62.5, 170.0, 75.0, 160.5, 93.0, 153.5, 115.0, 152.5, 129.5, 168.0, 134.5, 198.0, 96.5, 487.0, 95.5, 491.0, 72.5, 512.0, 63.5, 546.0, 54.0, 573.5]], "area": 29782.5, "iscrowd": 0, "image_id": 16, "bbox": [13.5, 152.5, 121.0, 421.0], "category_id": 1, "id": 85}, {"segmentation": [[639.0, 638.5, 624.5, 637.0, 627.5, 614.0, 609.5, 586.0, 639.0, 356.5, 639.0, 638.5]], "area": 4269.0, "iscrowd": 0, "image_id": 16, "bbox": [609.5, 356.5, 29.5, 282.0], "category_id": 1, "id": 86}, {"segmentation": [[203.0, 273.5, 183.5, 220.0, 167.5, 203.0, 160.5, 193.0, 89.5, 9.0, 87.0, -0.5, 156.0, -0.5, 157.5, 2.0, 217.5, 175.0, 220.5, 200.0, 242.5, 271.0, 242.0, 272.5, 203.0, 273.5]], "area": 16526.0, "iscrowd": 0, "image_id": 17, "bbox": [87.0, -0.5, 155.5, 274.0], "category_id": 1, "id": 87}, {"segmentation": [[277.0, 277.5, 220.5, 29.0, 215.0, -0.5, 283.0, -0.5, 284.5, 3.0, 311.5, 155.0, 314.5, 196.0, 307.5, 215.0, 307.5, 219.0, 316.5, 276.0, 277.0, 277.5]], "area": 16252.25, "iscrowd": 0, "image_id": 17, "bbox": [215.0, -0.5, 101.5, 278.0], "category_id": 1, "id": 88}, {"segmentation": [[369.0, 278.5, 356.5, 213.0, 341.5, 1.0, 398.0, -0.5, 406.5, 199.0, 404.5, 276.0, 369.0, 278.5]], "area": 14136.5, "iscrowd": 0, "image_id": 17, "bbox": [341.5, -0.5, 65.0, 279.0], "category_id": 1, "id": 89}, {"segmentation": [[497.0, 278.5, 460.0, 278.5, 458.5, 274.0, 449.5, 214.0, 442.0, 0.5, 498.5, 0.0, 503.5, 197.0, 497.0, 278.5]], "area": 14758.0, "iscrowd": 0, "image_id": 17, "bbox": [442.0, 0.0, 61.5, 278.5], "category_id": 1, "id": 90}, {"segmentation": [[578.0, 278.5, 537.5, 278.0, 550.5, 227.0, 541.5, 208.0, 539.5, 145.0, 565.5, 0.0, 622.0, -0.5, 590.5, 221.0, 589.5, 225.0, 582.5, 231.0, 578.0, 278.5]], "area": 14864.5, "iscrowd": 0, "image_id": 17, "bbox": [537.5, -0.5, 84.5, 279.0], "category_id": 1, "id": 91}, {"segmentation": [[639.0, 278.5, 616.5, 274.0, 639.0, 225.5, 639.0, 278.5]], "area": 596.25, "iscrowd": 0, "image_id": 17, "bbox": [616.5, 225.5, 22.5, 53.0], "category_id": 1, "id": 92}, {"segmentation": [[334.0, 192.5, 312.0, 189.5, 299.5, 176.0, 286.5, 147.0, 288.5, 17.0, 281.0, 10.5, 250.0, -0.5, 369.5, 0.0, 366.5, 126.0, 363.5, 170.0, 353.0, 187.5, 334.0, 192.5]], "area": 14829.75, "iscrowd": 0, "image_id": 18, "bbox": [250.0, -0.5, 119.5, 193.0], "category_id": 1, "id": 93}, {"segmentation": [[575.0, 639.5, 532.5, 639.0, 535.5, 571.0, 540.5, 510.0, 555.5, 431.0, 555.5, 313.0, 554.5, 196.0, 543.5, 180.0, 533.5, 159.0, 529.5, 1.0, 615.0, -0.5, 618.5, 145.0, 605.5, 185.0, 591.5, 198.0, 595.5, 450.0, 575.5, 563.0, 575.0, 639.5]], "area": 33617.0, "iscrowd": 0, "image_id": 18, "bbox": [529.5, -0.5, 89.0, 640.0], "category_id": 1, "id": 94}, {"segmentation": [[474.0, 639.5, 447.5, 639.0, 449.0, 607.5, 344.0, 607.5, 340.5, 609.0, 341.0, 639.5, 308.0, 639.5, 291.5, 588.0, 287.5, 305.0, 287.5, 264.0, 290.5, 252.0, 293.0, 247.5, 313.0, 233.5, 391.0, 220.5, 392.5, 219.0, 402.5, 199.0, 406.5, 164.0, 408.5, 56.0, 420.0, 35.5, 446.0, 23.5, 476.0, 29.5, 479.0, 31.5, 489.5, 40.0, 495.5, 58.0, 502.5, 561.0, 498.5, 575.0, 487.5, 594.0, 476.5, 602.0, 474.0, 639.5]], "area": 99161.75, "iscrowd": 0, "image_id": 18, "bbox": [287.5, 23.5, 215.0, 616.0], "category_id": 1, "id": 95}, {"segmentation": [[1.0, 298.5, -0.5, 88.0, 16.0, 87.5, 8.5, 139.0, 20.5, 150.0, 22.5, 166.0, 1.0, 298.5]], "area": 2634.75, "iscrowd": 0, "image_id": 18, "bbox": [-0.5, 87.5, 23.0, 211.0], "category_id": 1, "id": 96}, {"segmentation": [[172.0, 603.5, 135.5, 590.0, 162.5, 494.0, 142.5, 470.0, 140.5, 464.0, 180.5, 160.0, 181.5, 156.0, 194.0, 141.5, 213.0, 130.5, 238.5, 139.0, 248.5, 157.0, 252.5, 175.0, 257.5, 189.0, 257.5, 194.0, 225.5, 470.0, 218.5, 484.0, 207.0, 495.5, 199.0, 499.5, 197.5, 502.0, 172.0, 603.5]], "area": 32571.25, "iscrowd": 0, "image_id": 18, "bbox": [135.5, 130.5, 122.0, 473.0], "category_id": 1, "id": 97}, {"segmentation": [[61.0, 559.5, 22.5, 548.0, 37.5, 489.0, 24.5, 478.0, 16.5, 448.0, 67.5, 148.0, 69.0, 144.5, 82.0, 136.5, 111.0, 133.5, 122.0, 135.5, 134.5, 150.0, 137.5, 169.0, 99.5, 471.0, 92.5, 485.0, 85.0, 492.5, 77.0, 492.5, 75.5, 495.0, 61.0, 559.5]], "area": 30127.5, "iscrowd": 0, "image_id": 18, "bbox": [16.5, 133.5, 121.0, 426.0], "category_id": 1, "id": 98}, {"segmentation": [[639.0, 606.5, 613.5, 571.0, 623.5, 525.0, 639.0, 369.5, 639.0, 606.5]], "area": 2600.75, "iscrowd": 0, "image_id": 18, "bbox": [613.5, 369.5, 25.5, 237.0], "category_id": 1, "id": 99}, {"segmentation": [[242.0, 261.5, 197.5, 256.0, 184.5, 209.0, 182.0, 205.5, 172.0, 198.5, 168.5, 193.0, 96.0, -0.5, 163.5, 0.0, 222.5, 169.0, 221.5, 186.0, 240.5, 252.0, 242.0, 261.5]], "area": 15401.0, "iscrowd": 0, "image_id": 19, "bbox": [96.0, -0.5, 146.0, 262.0], "category_id": 1, "id": 100}, {"segmentation": [[321.0, 264.5, 279.5, 263.0, 274.5, 213.0, 266.5, 195.0, 219.5, 2.0, 220.0, -0.5, 286.0, -0.5, 287.5, 2.0, 319.5, 185.0, 319.5, 188.0, 312.5, 202.0, 312.5, 206.0, 320.5, 254.0, 321.0, 264.5]], "area": 14832.0, "iscrowd": 0, "image_id": 19, "bbox": [219.5, -0.5, 101.5, 265.0], "category_id": 1, "id": 101}, {"segmentation": [[409.0, 261.5, 369.5, 261.0, 367.5, 219.0, 360.5, 201.0, 359.5, 194.0, 343.0, 0.5, 404.5, 0.0, 409.5, 163.0, 409.5, 182.0, 405.5, 195.0, 405.5, 204.0, 409.5, 253.0, 409.0, 261.5]], "area": 13617.25, "iscrowd": 0, "image_id": 19, "bbox": [343.0, 0.0, 66.5, 261.5], "category_id": 1, "id": 102}, {"segmentation": [[461.0, 258.5, 452.5, 202.0, 443.5, 0.0, 503.0, -0.5, 502.5, 187.0, 500.5, 196.0, 498.5, 257.0, 461.0, 258.5]], "area": 13429.25, "iscrowd": 0, "image_id": 19, "bbox": [443.5, -0.5, 59.5, 259.0], "category_id": 1, "id": 103}, {"segmentation": [[580.0, 261.5, 542.5, 261.0, 546.5, 206.0, 540.5, 180.0, 539.5, 148.0, 561.5, 4.0, 563.0, -0.5, 625.0, -0.5, 593.5, 192.0, 583.5, 215.0, 580.0, 261.5]], "area": 14426.25, "iscrowd": 0, "image_id": 19, "bbox": [539.5, -0.5, 85.5, 262.0], "category_id": 1, "id": 104}, {"segmentation": [[639.0, 259.5, 622.5, 258.0, 639.0, 213.5, 639.0, 259.5]], "area": 379.5, "iscrowd": 0, "image_id": 19, "bbox": [622.5, 213.5, 16.5, 46.0], "category_id": 1, "id": 105}, {"segmentation": [[318.0, 194.5, 301.5, 180.0, 294.5, 166.0, 289.5, 40.0, 286.5, 15.0, 285.0, 11.5, 266.5, 0.0, 373.0, -0.5, 374.5, 31.0, 362.5, 49.0, 361.5, 181.0, 343.0, 193.5, 318.0, 194.5]], "area": 13937.25, "iscrowd": 0, "image_id": 20, "bbox": [266.5, -0.5, 108.0, 195.0], "category_id": 1, "id": 106}, {"segmentation": [[577.0, 639.5, 535.0, 639.5, 533.5, 627.0, 532.5, 591.0, 539.5, 542.0, 543.5, 499.0, 554.5, 452.0, 554.5, 385.0, 552.5, 190.0, 540.5, 173.0, 535.5, 155.0, 530.0, -0.5, 612.5, 0.0, 617.5, 159.0, 594.5, 190.0, 591.5, 460.0, 583.5, 528.0, 575.5, 567.0, 577.0, 639.5]], "area": 33176.5, "iscrowd": 0, "image_id": 20, "bbox": [530.0, -0.5, 87.5, 640.0], "category_id": 1, "id": 107}, {"segmentation": [[303.0, 639.5, 285.5, 595.0, 289.5, 252.0, 307.0, 241.5, 350.0, 230.5, 386.0, 218.5, 400.5, 203.0, 405.5, 185.0, 406.5, 60.0, 414.5, 39.0, 417.0, 35.5, 429.0, 26.5, 460.0, 24.5, 481.0, 27.5, 495.5, 49.0, 500.5, 573.0, 493.5, 589.0, 481.0, 598.5, 472.5, 610.0, 472.0, 637.5, 441.0, 637.5, 440.0, 609.5, 414.0, 609.5, 389.0, 606.5, 362.0, 605.5, 349.5, 609.0, 342.0, 638.5, 303.0, 639.5]], "area": 100025.75, "iscrowd": 0, "image_id": 20, "bbox": [285.5, 24.5, 215.0, 615.0], "category_id": 1, "id": 108}, {"segmentation": [[0.0, 292.5, -0.5, 84.0, 11.0, 83.5, 18.5, 88.0, 25.5, 197.0, 2.5, 279.0, 0.0, 292.5]], "area": 3678.75, "iscrowd": 0, "image_id": 20, "bbox": [-0.5, 83.5, 26.0, 209.0], "category_id": 1, "id": 109}, {"segmentation": [[173.0, 601.5, 138.5, 589.0, 164.5, 538.0, 162.5, 486.0, 151.5, 471.0, 145.5, 444.0, 183.5, 163.0, 191.5, 143.0, 202.0, 134.5, 205.0, 132.5, 228.0, 128.5, 245.5, 143.0, 254.5, 162.0, 260.5, 185.0, 230.5, 471.0, 229.5, 476.0, 215.0, 488.5, 204.0, 493.5, 198.5, 503.0, 195.5, 557.0, 173.0, 601.5]], "area": 32583.25, "iscrowd": 0, "image_id": 20, "bbox": [138.5, 128.5, 122.0, 473.0], "category_id": 1, "id": 110}, {"segmentation": [[64.0, 556.5, 27.5, 542.0, 42.5, 504.0, 42.5, 501.0, 40.5, 495.0, 26.5, 480.0, 19.5, 451.0, 69.5, 153.0, 83.0, 139.5, 106.0, 132.5, 120.0, 138.5, 134.5, 155.0, 141.5, 182.0, 141.5, 187.0, 102.5, 471.0, 101.5, 475.0, 90.5, 484.0, 84.5, 493.0, 75.5, 499.0, 64.0, 556.5]], "area": 29918.0, "iscrowd": 0, "image_id": 20, "bbox": [19.5, 132.5, 122.0, 424.0], "category_id": 1, "id": 111}, {"segmentation": [[639.0, 593.5, 635.0, 592.5, 618.5, 581.0, 616.5, 559.0, 617.5, 540.0, 639.0, 360.5, 639.0, 593.5]], "area": 2963.5, "iscrowd": 0, "image_id": 20, "bbox": [616.5, 360.5, 22.5, 233.0], "category_id": 1, "id": 112}, {"segmentation": [[341.0, 210.5, 316.0, 209.5, 302.5, 194.0, 290.5, 53.0, 288.5, 40.0, 282.5, 28.0, 225.0, -0.5, 375.5, 0.0, 368.5, 186.0, 360.0, 203.5, 341.0, 210.5]], "area": 16820.25, "iscrowd": 0, "image_id": 21, "bbox": [225.0, -0.5, 150.5, 211.0], "category_id": 1, "id": 113}, {"segmentation": [[577.0, 639.5, 538.5, 639.0, 554.5, 483.0, 561.5, 462.0, 559.5, 252.0, 558.5, 210.0, 547.5, 197.0, 539.5, 175.0, 530.5, 1.0, 617.0, -0.5, 619.5, 176.0, 606.5, 204.0, 594.5, 213.0, 597.5, 461.0, 586.5, 496.0, 577.0, 639.5]], "area": 32168.25, "iscrowd": 0, "image_id": 21, "bbox": [530.5, -0.5, 89.0, 640.0], "category_id": 1, "id": 114}, {"segmentation": [[476.0, 639.5, 450.0, 639.5, 448.0, 630.5, 433.0, 628.5, 345.0, 630.5, 345.0, 638.5, 319.0, 639.5, 316.5, 633.0, 297.5, 618.0, 292.5, 603.0, 289.5, 293.0, 295.5, 268.0, 297.0, 264.5, 385.0, 245.5, 397.5, 231.0, 407.5, 206.0, 406.5, 79.0, 417.0, 58.5, 447.0, 46.5, 463.0, 46.5, 485.0, 56.5, 498.5, 68.0, 505.5, 559.0, 503.5, 589.0, 492.5, 609.0, 478.5, 614.0, 476.0, 639.5]], "area": 98334.25, "iscrowd": 0, "image_id": 21, "bbox": [289.5, 46.5, 216.0, 593.0], "category_id": 1, "id": 115}, {"segmentation": [[0.0, 344.5, 0.0, 109.5, 19.5, 111.0, 13.5, 159.0, 24.5, 178.0, 25.5, 190.0, 25.5, 202.0, 0.0, 344.5]], "area": 3590.5, "iscrowd": 0, "image_id": 21, "bbox": [0.0, 109.5, 25.5, 235.0], "category_id": 1, "id": 116}, {"segmentation": [[64.0, 576.5, 27.5, 567.0, 44.5, 519.0, 44.5, 506.0, 29.5, 490.0, 23.5, 480.0, 23.5, 477.0, 69.5, 173.0, 81.0, 160.5, 90.0, 155.5, 96.0, 152.5, 108.0, 152.5, 125.0, 160.5, 139.5, 173.0, 142.5, 184.0, 142.5, 190.0, 111.5, 469.0, 100.5, 498.0, 88.0, 509.5, 73.5, 517.0, 64.0, 576.5]], "area": 29826.5, "iscrowd": 0, "image_id": 21, "bbox": [23.5, 152.5, 119.0, 424.0], "category_id": 1, "id": 117}, {"segmentation": [[170.0, 626.5, 138.5, 606.0, 148.5, 589.0, 160.5, 562.0, 166.5, 520.0, 166.5, 517.0, 150.5, 496.0, 144.5, 481.0, 144.5, 477.0, 186.5, 173.0, 195.0, 163.5, 211.0, 153.5, 228.0, 152.5, 245.5, 163.0, 254.5, 183.0, 259.5, 199.0, 230.5, 483.0, 224.5, 502.0, 208.0, 511.5, 199.5, 520.0, 195.5, 538.0, 192.5, 574.0, 170.0, 626.5]], "area": 31709.0, "iscrowd": 0, "image_id": 21, "bbox": [138.5, 152.5, 121.0, 474.0], "category_id": 1, "id": 118}, {"segmentation": [[637.0, 611.5, 622.5, 601.0, 617.5, 582.0, 617.5, 577.0, 639.0, 382.5, 637.0, 611.5]], "area": 2427.5, "iscrowd": 0, "image_id": 21, "bbox": [617.5, 382.5, 21.5, 229.0], "category_id": 1, "id": 119}, {"segmentation": [[201.0, 286.5, 180.5, 226.0, 165.0, 216.5, 161.5, 209.0, 88.5, 6.0, 88.0, 1.5, 155.0, -0.5, 156.5, 2.0, 236.5, 246.0, 236.5, 284.0, 201.0, 286.5]], "area": 17448.25, "iscrowd": 0, "image_id": 22, "bbox": [88.0, -0.5, 148.5, 287.0], "category_id": 1, "id": 120}, {"segmentation": [[314.0, 290.5, 277.5, 287.0, 269.5, 240.0, 217.5, 13.0, 216.0, 1.5, 273.0, -0.5, 284.5, 17.0, 314.5, 193.0, 314.0, 290.5]], "area": 16083.75, "iscrowd": 0, "image_id": 22, "bbox": [216.0, -0.5, 98.5, 291.0], "category_id": 1, "id": 121}, {"segmentation": [[409.0, 286.5, 369.5, 286.0, 367.5, 255.0, 358.5, 227.0, 356.5, 215.0, 341.0, 1.5, 400.5, 0.0, 409.0, 286.5]], "area": 14874.5, "iscrowd": 0, "image_id": 22, "bbox": [341.0, 0.0, 68.0, 286.5], "category_id": 1, "id": 122}, {"segmentation": [[461.0, 287.5, 442.5, 0.0, 500.0, -0.5, 502.5, 286.0, 461.0, 287.5]], "area": 14217.0, "iscrowd": 0, "image_id": 22, "bbox": [442.5, -0.5, 60.0, 288.0], "category_id": 1, "id": 123}, {"segmentation": [[581.0, 286.5, 543.5, 286.0, 540.5, 185.0, 561.5, 6.0, 563.0, 0.5, 625.0, -0.5, 625.5, 3.0, 581.0, 286.5]], "area": 15871.25, "iscrowd": 0, "image_id": 22, "bbox": [540.5, -0.5, 85.0, 287.0], "category_id": 1, "id": 124}, {"segmentation": [[639.0, 292.5, 616.5, 288.0, 639.0, 236.5, 639.0, 292.5]], "area": 630.0, "iscrowd": 0, "image_id": 22, "bbox": [616.5, 236.5, 22.5, 56.0], "category_id": 1, "id": 125}, {"segmentation": [[328.0, 204.5, 309.0, 204.5, 289.5, 189.0, 283.5, 166.0, 280.5, 28.0, 242.0, 1.5, 241.0, -0.5, 364.5, 0.0, 356.5, 184.0, 347.0, 199.5, 328.0, 204.5]], "area": 16073.0, "iscrowd": 0, "image_id": 23, "bbox": [241.0, -0.5, 123.5, 205.0], "category_id": 1, "id": 126}, {"segmentation": [[567.0, 639.5, 531.0, 639.5, 527.5, 623.0, 549.5, 432.0, 551.5, 205.0, 538.0, 198.5, 529.5, 184.0, 522.0, -0.5, 606.5, 0.0, 608.5, 165.0, 599.5, 187.0, 589.5, 197.0, 583.5, 209.0, 585.5, 457.0, 561.5, 603.0, 567.0, 639.5]], "area": 31242.0, "iscrowd": 0, "image_id": 23, "bbox": [522.0, -0.5, 86.5, 640.0], "category_id": 1, "id": 127}, {"segmentation": [[463.0, 639.5, 437.5, 639.0, 437.0, 557.5, 425.5, 558.0, 416.0, 620.5, 338.0, 622.5, 334.5, 636.0, 331.0, 639.5, 307.5, 639.0, 294.5, 601.0, 280.5, 586.0, 280.5, 282.0, 282.5, 272.0, 285.5, 266.0, 295.0, 254.5, 378.0, 234.5, 391.5, 225.0, 395.5, 211.0, 397.5, 63.0, 403.0, 55.5, 415.0, 46.5, 438.0, 37.5, 461.0, 41.5, 476.5, 56.0, 486.5, 69.0, 489.5, 594.0, 470.5, 605.0, 464.5, 618.0, 463.0, 639.5]], "area": 95355.5, "iscrowd": 0, "image_id": 23, "bbox": [280.5, 37.5, 209.0, 602.0], "category_id": 1, "id": 128}, {"segmentation": [[0.0, 278.5, -0.5, 104.0, 9.0, 102.5, 6.5, 151.0, 15.5, 177.0, 15.5, 181.0, 0.0, 278.5]], "area": 1516.75, "iscrowd": 0, "image_id": 23, "bbox": [-0.5, 102.5, 16.0, 176.0], "category_id": 1, "id": 129}, {"segmentation": [[160.0, 617.5, 145.0, 610.5, 130.5, 606.0, 146.5, 572.0, 153.5, 553.0, 159.5, 513.0, 159.5, 510.0, 149.5, 497.0, 138.5, 466.0, 138.5, 462.0, 176.5, 164.0, 179.0, 158.5, 191.0, 150.5, 214.0, 146.5, 232.0, 149.5, 239.0, 155.5, 244.5, 162.0, 250.5, 179.0, 218.5, 487.0, 217.5, 492.0, 208.0, 504.5, 184.5, 518.0, 189.5, 535.0, 186.5, 561.0, 174.5, 597.0, 160.0, 617.5]], "area": 31265.25, "iscrowd": 0, "image_id": 23, "bbox": [130.5, 146.5, 120.0, 471.0], "category_id": 1, "id": 130}, {"segmentation": [[57.0, 574.5, 14.5, 565.0, 27.5, 539.0, 32.5, 511.0, 30.5, 497.0, 19.5, 486.0, 14.5, 461.0, 59.5, 164.0, 71.0, 156.5, 89.0, 151.5, 111.0, 152.5, 130.5, 168.0, 132.5, 181.0, 131.5, 195.0, 91.5, 492.0, 90.5, 496.0, 77.0, 509.5, 69.5, 513.0, 57.0, 574.5]], "area": 29540.5, "iscrowd": 0, "image_id": 23, "bbox": [14.5, 151.5, 118.0, 423.0], "category_id": 1, "id": 131}, {"segmentation": [[639.0, 639.5, 624.5, 639.0, 622.5, 607.0, 608.5, 586.0, 611.5, 545.0, 639.0, 348.5, 639.0, 639.5]], "area": 4884.0, "iscrowd": 0, "image_id": 23, "bbox": [608.5, 348.5, 30.5, 291.0], "category_id": 1, "id": 132}, {"segmentation": [[330.0, 188.5, 312.0, 186.5, 303.0, 181.5, 295.5, 167.0, 288.5, 11.0, 272.0, 0.5, 362.0, -0.5, 372.5, 16.0, 363.5, 170.0, 351.0, 184.5, 330.0, 188.5]], "area": 13943.5, "iscrowd": 0, "image_id": 24, "bbox": [272.0, -0.5, 100.5, 189.0], "category_id": 1, "id": 133}, {"segmentation": [[573.0, 639.5, 539.0, 639.5, 534.5, 610.0, 552.5, 430.0, 555.5, 189.0, 548.5, 181.0, 536.5, 156.0, 528.0, -0.5, 611.5, 0.0, 614.5, 154.0, 604.5, 172.0, 592.5, 187.0, 592.5, 421.0, 572.5, 565.0, 573.0, 639.5]], "area": 31376.5, "iscrowd": 0, "image_id": 24, "bbox": [528.0, -0.5, 86.5, 640.0], "category_id": 1, "id": 134}, {"segmentation": [[473.0, 639.5, 449.5, 638.0, 446.0, 538.5, 430.5, 539.0, 427.0, 602.5, 358.0, 602.5, 346.0, 608.5, 341.5, 616.0, 341.0, 639.5, 308.5, 637.0, 308.5, 598.0, 295.5, 585.0, 290.5, 573.0, 289.5, 252.0, 295.0, 241.5, 312.0, 232.5, 394.0, 214.5, 403.5, 204.0, 408.5, 183.0, 409.5, 45.0, 420.0, 27.5, 440.0, 18.5, 463.0, 16.5, 477.0, 22.5, 489.5, 36.0, 494.5, 54.0, 503.5, 460.0, 503.5, 488.0, 493.5, 584.0, 473.5, 602.0, 473.0, 639.5]], "area": 97393.5, "iscrowd": 0, "image_id": 24, "bbox": [289.5, 16.5, 214.0, 623.0], "category_id": 1, "id": 135}, {"segmentation": [[0.0, 315.5, -0.5, 82.0, 16.0, 81.5, 10.5, 126.0, 22.5, 155.0, 22.5, 159.0, 3.5, 305.0, 0.0, 315.5]], "area": 3129.0, "iscrowd": 0, "image_id": 24, "bbox": [-0.5, 81.5, 23.0, 234.0], "category_id": 1, "id": 136}, {"segmentation": [[161.0, 600.5, 135.5, 584.0, 156.5, 551.0, 161.5, 488.0, 161.5, 482.0, 150.5, 474.0, 144.5, 460.0, 144.5, 455.0, 181.5, 147.0, 195.0, 133.5, 213.0, 124.5, 231.0, 128.5, 245.5, 139.0, 253.5, 155.0, 256.5, 177.0, 222.5, 473.0, 209.0, 486.5, 198.5, 491.0, 194.5, 549.0, 161.0, 600.5]], "area": 31397.25, "iscrowd": 0, "image_id": 24, "bbox": [135.5, 124.5, 121.0, 476.0], "category_id": 1, "id": 137}, {"segmentation": [[62.0, 555.5, 41.0, 545.5, 29.5, 542.0, 36.5, 479.0, 27.5, 470.0, 21.5, 458.0, 18.5, 438.0, 68.5, 142.0, 69.5, 139.0, 81.0, 128.5, 97.0, 125.5, 122.0, 130.5, 134.5, 143.0, 141.5, 156.0, 141.5, 160.0, 93.5, 471.0, 92.0, 475.5, 78.5, 481.0, 62.0, 555.5]], "area": 29333.5, "iscrowd": 0, "image_id": 24, "bbox": [18.5, 125.5, 123.0, 430.0], "category_id": 1, "id": 138}, {"segmentation": [[639.0, 639.5, 631.5, 639.0, 634.5, 588.0, 618.5, 573.0, 639.0, 354.5, 639.0, 639.5]], "area": 2735.0, "iscrowd": 0, "image_id": 24, "bbox": [618.5, 354.5, 20.5, 285.0], "category_id": 1, "id": 139}, {"segmentation": [[476.0, 614.5, 458.5, 592.0, 455.5, 586.0, 414.5, 357.0, 403.0, 346.5, 324.0, 345.5, 312.0, 338.5, 260.5, 241.0, 178.0, 213.5, 157.5, 194.0, 137.5, 159.0, 134.5, 153.0, 132.5, 109.0, 147.5, 80.0, 172.0, 55.5, 218.0, 38.5, 257.0, 41.5, 296.5, 72.0, 315.5, 127.0, 301.5, 177.0, 294.5, 226.0, 329.5, 306.0, 337.0, 310.5, 403.0, 307.5, 412.5, 302.0, 378.5, 94.0, 379.5, 86.0, 386.5, 65.0, 395.0, 52.5, 424.0, 44.5, 440.0, 46.5, 465.5, 66.0, 543.5, 575.0, 541.5, 582.0, 524.0, 609.5, 476.0, 614.5]], "area": 84946.5, "iscrowd": 0, "image_id": 25, "bbox": [132.5, 38.5, 411.0, 576.0], "category_id": 1, "id": 140}, {"segmentation": [[638.0, 617.5, 619.5, 594.0, 614.5, 582.0, 612.5, 86.0, 628.0, 52.5, 637.5, 53.0, 638.0, 617.5]], "area": 13072.25, "iscrowd": 0, "image_id": 25, "bbox": [612.5, 52.5, 25.5, 565.0], "category_id": 1, "id": 141}, {"segmentation": [[264.0, 638.5, 240.0, 638.5, 211.0, 597.5, 187.0, 589.5, 173.5, 580.0, 168.5, 570.0, -0.5, 195.0, 0.0, 60.5, 22.0, 73.5, 29.5, 88.0, 239.5, 540.0, 243.5, 558.0, 237.5, 586.0, 257.5, 623.0, 264.5, 637.0, 264.0, 638.5]], "area": 39873.0, "iscrowd": 0, "image_id": 25, "bbox": [-0.5, 60.5, 265.0, 578.0], "category_id": 1, "id": 142}, {"segmentation": [[32.0, 639.5, 12.0, 638.5, -0.5, 623.0, 0.0, 530.5, 10.5, 592.0, 40.5, 637.0, 32.0, 639.5]], "area": 1473.0, "iscrowd": 0, "image_id": 25, "bbox": [-0.5, 530.5, 41.0, 109.0], "category_id": 1, "id": 143}, {"segmentation": [[484.0, 617.5, 470.0, 615.5, 456.5, 602.0, 446.5, 586.0, 415.5, 372.0, 409.5, 356.0, 399.0, 348.5, 316.0, 349.5, 302.5, 337.0, 260.5, 249.0, 246.0, 239.5, 172.0, 211.5, 132.5, 159.0, 127.5, 129.0, 138.5, 86.0, 167.0, 62.5, 199.0, 42.5, 240.0, 38.5, 270.0, 52.5, 295.5, 75.0, 311.5, 108.0, 317.5, 141.0, 302.5, 203.0, 293.5, 220.0, 340.0, 308.5, 397.0, 309.5, 404.5, 300.0, 374.5, 86.0, 374.5, 82.0, 383.5, 64.0, 409.0, 44.5, 426.0, 44.5, 461.0, 62.5, 463.5, 67.0, 471.5, 90.0, 542.5, 564.0, 539.5, 586.0, 523.0, 604.5, 508.0, 612.5, 484.0, 617.5]], "area": 90698.0, "iscrowd": 0, "image_id": 26, "bbox": [127.5, 38.5, 415.0, 579.0], "category_id": 1, "id": 144}, {"segmentation": [[639.0, 628.5, 632.5, 617.0, 610.5, 591.0, 608.5, 568.0, 610.5, 73.0, 621.0, 58.5, 639.0, 49.5, 639.0, 628.5]], "area": 16191.5, "iscrowd": 0, "image_id": 26, "bbox": [608.5, 49.5, 30.5, 579.0], "category_id": 1, "id": 145}, {"segmentation": [[268.0, 638.5, 233.0, 636.5, 214.5, 602.0, 200.0, 594.5, 177.0, 586.5, 170.5, 574.0, -0.5, 205.0, 0.0, 66.5, 11.0, 70.5, 26.0, 80.5, 33.5, 94.0, 240.5, 540.0, 245.5, 558.0, 241.5, 579.0, 243.5, 593.0, 247.5, 602.0, 266.5, 633.0, 268.0, 638.5]], "area": 41454.5, "iscrowd": 0, "image_id": 26, "bbox": [-0.5, 66.5, 268.5, 572.0], "category_id": 1, "id": 146}, {"segmentation": [[10.0, 639.5, -0.5, 625.0, 0.0, 529.5, 11.5, 584.0, 39.5, 638.0, 10.0, 639.5]], "area": 1682.5, "iscrowd": 0, "image_id": 26, "bbox": [-0.5, 529.5, 40.0, 110.0], "category_id": 1, "id": 147}, {"segmentation": [[481.0, 607.5, 470.0, 606.5, 459.0, 600.5, 449.5, 581.0, 414.5, 364.0, 409.5, 351.0, 401.0, 344.5, 394.0, 342.5, 387.0, 342.5, 377.0, 345.5, 361.0, 345.5, 345.0, 341.5, 307.0, 336.5, 284.5, 298.0, 265.5, 256.0, 258.5, 244.0, 252.0, 236.5, 239.0, 227.5, 223.0, 220.5, 203.0, 219.5, 164.0, 203.5, 153.5, 188.0, 140.5, 173.0, 131.5, 141.0, 131.5, 112.0, 133.5, 99.0, 143.5, 75.0, 177.0, 46.5, 188.0, 40.5, 196.0, 36.5, 211.0, 34.5, 231.0, 33.5, 250.0, 35.5, 273.0, 48.5, 283.0, 56.5, 302.5, 84.0, 309.5, 99.0, 311.5, 137.0, 310.5, 150.0, 301.5, 165.0, 299.5, 199.0, 295.5, 223.0, 327.5, 291.0, 336.0, 301.5, 347.0, 304.5, 380.0, 303.5, 397.0, 298.5, 403.5, 289.0, 377.5, 105.0, 377.5, 61.0, 392.0, 47.5, 404.0, 40.5, 422.0, 38.5, 443.0, 46.5, 455.0, 54.5, 469.5, 73.0, 471.5, 79.0, 505.5, 316.0, 537.5, 540.0, 539.5, 562.0, 539.5, 568.0, 525.0, 598.5, 509.0, 606.5, 481.0, 607.5]], "area": 89361.75, "iscrowd": 0, "image_id": 27, "bbox": [131.5, 33.5, 408.0, 574.0], "category_id": 1, "id": 148}, {"segmentation": [[639.0, 639.5, 638.0, 636.5, 635.5, 637.0, 631.5, 613.0, 611.5, 588.0, 607.5, 579.0, 606.5, 320.0, 606.5, 64.0, 620.0, 50.5, 633.0, 47.5, 639.0, 42.5, 639.0, 639.5]], "area": 17843.5, "iscrowd": 0, "image_id": 27, "bbox": [606.5, 42.5, 32.5, 597.0], "category_id": 1, "id": 149}, {"segmentation": [[264.0, 639.5, 233.0, 639.5, 213.5, 593.0, 194.0, 589.5, 172.0, 575.5, 159.5, 554.0, 9.5, 218.0, 1.5, 201.0, -0.5, 201.0, 0.0, 59.5, 10.0, 61.5, 25.5, 73.0, 240.5, 534.0, 240.5, 557.0, 236.5, 570.0, 236.5, 581.0, 264.5, 638.0, 264.0, 639.5]], "area": 41765.5, "iscrowd": 0, "image_id": 27, "bbox": [-0.5, 59.5, 265.0, 580.0], "category_id": 1, "id": 150}, {"segmentation": [[8.0, 636.5, -0.5, 626.0, 0.0, 528.5, 6.5, 536.0, 3.5, 564.0, 40.5, 634.0, 8.0, 636.5]], "area": 1750.0, "iscrowd": 0, "image_id": 27, "bbox": [-0.5, 528.5, 41.0, 108.0], "category_id": 1, "id": 151}, {"segmentation": [[276.0, 570.5, 249.0, 565.5, 220.5, 512.0, 210.0, 507.5, 185.0, 500.5, 177.5, 486.0, -0.5, 103.0, 0.0, -0.5, 30.0, -0.5, 47.5, 17.0, 53.5, 29.0, 251.5, 460.0, 245.5, 501.0, 276.5, 569.0, 276.0, 570.5]], "area": 42642.0, "iscrowd": 0, "image_id": 28, "bbox": [-0.5, -0.5, 277.0, 571.0], "category_id": 1, "id": 152}, {"segmentation": [[509.0, 525.5, 476.0, 523.5, 456.5, 493.0, 420.5, 263.0, 324.0, 259.5, 316.5, 251.0, 269.5, 162.0, 267.0, 159.5, 244.0, 144.5, 196.0, 130.5, 163.5, 103.0, 145.5, 75.0, 139.5, 48.0, 146.5, 14.0, 159.0, 0.5, 304.0, -0.5, 319.5, 28.0, 321.5, 57.0, 305.5, 110.0, 301.5, 137.0, 347.0, 226.5, 412.0, 226.5, 384.5, 1.0, 476.5, 0.0, 547.5, 470.0, 547.5, 475.0, 538.5, 512.0, 509.0, 525.5]], "area": 78295.0, "iscrowd": 0, "image_id": 28, "bbox": [139.5, -0.5, 408.0, 526.0], "category_id": 1, "id": 153}, {"segmentation": [[639.0, 525.5, 622.5, 507.0, 620.0, -0.5, 639.5, 3.0, 639.0, 525.5]], "area": 9259.0, "iscrowd": 0, "image_id": 28, "bbox": [620.0, -0.5, 19.5, 526.0], "category_id": 1, "id": 154}, {"segmentation": [[49.0, 559.5, 19.0, 558.5, 0.5, 523.0, 0.0, 433.5, 13.5, 458.0, 9.5, 479.0, 23.5, 524.0, 47.5, 554.0, 49.0, 559.5]], "area": 2077.25, "iscrowd": 0, "image_id": 28, "bbox": [0.0, 433.5, 49.0, 126.0], "category_id": 1, "id": 155}]}